FD_Name,State,Region,Member_Status,File_Name,Respondent_ID,Week,Transaction_Nature,Transaction_Type,Transaction_Name,Transaction_Amount,Transaction_Comment,Formatted_Date
Baseline Financial Diaries_1,kebbi,ngaski,NON WAG,kebbi_Ngaski_wara_Financialdiaries_formerandnonwag_31122021. week 1.docx,BL03-NWAG-Ngaski-WK1,1,Fixed,Income,"Government worker.
The husband of the respondent works with the government at the LGA. He is paid 100,000naira monthly.
He is also a farmer",25000,,2021-12-10
Baseline Financial Diaries_1,kebbi,ngaski,NON WAG,kebbi_Ngaski_wara_Financialdiaries_formerandnonwag_31122021. week 1.docx,BL03-NWAG-Ngaski-WK1,1,Fixed,Income,"Government worker
The wife of the house hold head works in a government owned skills acquisition center. She is paid 17,480 monthly",4370,,2021-12-10
Baseline Financial Diaries_1,kebbi,ngaski,NON WAG,kebbi_Ngaski_wara_Financialdiaries_formerandnonwag_31122021. week 1.docx,BL03-NWAG-Ngaski-WK1,1,Fixed,Income,"Government worker
Second wife of the household head also works at the same skills acquisition center
She is paid 17,480 monthly",4370,,2021-12-10
Baseline Financial Diaries_1,kebbi,ngaski,NON WAG,kebbi_Ngaski_wara_Financialdiaries_formerandnonwag_31122021. week 1.docx,BL03-NWAG-Ngaski-WK1,1,Fixed,Income,"Government worker she works at the skills acquisition center too. She is paid 14,536 monthly",3634,,2021-12-10
Baseline Financial Diaries_1,kebbi,ngaski,NON WAG,kebbi_Ngaski_wara_Financialdiaries_formerandnonwag_31122021. week 1.docx,BL03-NWAG-Ngaski-WK1,1,Fixed,Income,"Petty trading

The respondent is a niece to the household head, she sells cold drinks from the house. She makes the drinks by herself (hibiscus flower)",800,,2021-12-10
Baseline Financial Diaries_1,kebbi,ngaski,NON WAG,kebbi_Ngaski_wara_Financialdiaries_formerandnonwag_31122021. week 1.docx,BL03-NWAG-Ngaski-WK1,1,Fixed,Income,"Government worker
Sister in-law of the household head also works at the skills acquisition center",4000,,2021-12-10
Baseline Financial Diaries_1,kebbi,ngaski,NON WAG,kebbi_Ngaski_wara_Financialdiaries_formerandnonwag_31122021. week 1.docx,BL03-NWAG-Ngaski-WK1,1,Fixed,Income,Loan repayment,1000,,2021-12-10
Baseline Financial Diaries_1,kebbi,ngaski,NON WAG,kebbi_Ngaski_wara_Financialdiaries_formerandnonwag_31122021. week 1.docx,BL03-NWAG-Ngaski-WK1,1,Fixed,Expenditure,Food stuffs,12600,"Food stuffs like rice, corn flour",2021-12-10
Baseline Financial Diaries_1,kebbi,ngaski,NON WAG,kebbi_Ngaski_wara_Financialdiaries_formerandnonwag_31122021. week 1.docx,BL03-NWAG-Ngaski-WK1,1,Fixed,Expenditure,Soup ingredients,7000,Fresh vegetables and condiments,2021-12-10
Baseline Financial Diaries_1,kebbi,ngaski,NON WAG,kebbi_Ngaski_wara_Financialdiaries_formerandnonwag_31122021. week 1.docx,BL03-NWAG-Ngaski-WK1,1,Fixed,Expenditure,toiletries,6000,"Detergents, soap, bathing soap, toothpaste, body lotion.",2021-12-10
Baseline Financial Diaries_1,kebbi,ngaski,NON WAG,kebbi_Ngaski_wara_Financialdiaries_formerandnonwag_31122021. week 1.docx,BL03-NWAG-Ngaski-WK1,1,Fixed,Expenditure,firewood,2000,,2021-12-10
Baseline Financial Diaries_1,kebbi,ngaski,NON WAG,kebbi_Ngaski_wara_Financialdiaries_formerandnonwag_31122021. week 1.docx,BL03-NWAG-Ngaski-WK1,1,Fixed,Expenditure,breakfast,3500,"They mostly buy cooked food from outside for breakfast such as pap, moimoi, akara",2021-12-10
Baseline Financial Diaries_1,kebbi,ngaski,NON WAG,kebbi_Ngaski_wara_Financialdiaries_formerandnonwag_31122021. week 1.docx,BL03-NWAG-Ngaski-WK1,1,Fixed,Expenditure,Fish/meat,7000,,2021-12-10
Baseline Financial Diaries_1,kebbi,ngaski,NON WAG,kebbi_Ngaski_wara_Financialdiaries_formerandnonwag_31122021. week 1.docx,BL03-NWAG-Ngaski-WK1,1,Variable,Expenditure,Health care,1000,Medication from the pharmacy,2021-12-10
Baseline Financial Diaries_1,kebbi,ngaski,NON WAG,kebbi_Ngaski_wara_Financialdiaries_formerandnonwag_31122021. week 1.docx,BL03-NWAG-Ngaski-WK1,1,Variable,Expenditure,books,400,For children in islamiyya,2021-12-10
Baseline Financial Diaries_1,kebbi,ngaski,NON WAG,kebbi_Ngaski_wara_Financialdiaries_formerandnonwag_31122021. week 4.docx,BL03-NWAG-Ngaski-WK4,4,Fixed,Income,"Government worker.
The husband of the respondent works with the government at the LGA. He is paid 100,000naira monthly.
He is also a farmer",25000,,2021-12-31
Baseline Financial Diaries_1,kebbi,ngaski,NON WAG,kebbi_Ngaski_wara_Financialdiaries_formerandnonwag_31122021. week 4.docx,BL03-NWAG-Ngaski-WK4,4,Fixed,Income,"Government worker
The wife of the house hold head works in a government owned skills acquisition center. She is paid 17,480 monthly",4370,,2021-12-31
Baseline Financial Diaries_1,kebbi,ngaski,NON WAG,kebbi_Ngaski_wara_Financialdiaries_formerandnonwag_31122021. week 4.docx,BL03-NWAG-Ngaski-WK4,4,Fixed,Income,"Government worker
Second wife of the household head also works at the same skills acquisition center
She is paid 17,480 monthly",4370,,2021-12-31
Baseline Financial Diaries_1,kebbi,ngaski,NON WAG,kebbi_Ngaski_wara_Financialdiaries_formerandnonwag_31122021. week 4.docx,BL03-NWAG-Ngaski-WK4,4,Fixed,Income,"Government worker she works at the skills acquisition center too. She is paid 14,536 monthly",3634,,2021-12-31
Baseline Financial Diaries_1,kebbi,ngaski,NON WAG,kebbi_Ngaski_wara_Financialdiaries_formerandnonwag_31122021. week 4.docx,BL03-NWAG-Ngaski-WK4,4,Fixed,Income,"Petty trading

The respondent is a niece to the household head, she sells cold drinks.
 from the house. She makes the drinks by herself (hibiscus flower) 700

another person in the household does petty trading got 3000",3700,,2021-12-31
Baseline Financial Diaries_1,kebbi,ngaski,NON WAG,kebbi_Ngaski_wara_Financialdiaries_formerandnonwag_31122021. week 4.docx,BL03-NWAG-Ngaski-WK4,4,Fixed,Income,"Government worker
Sister in-law of the household head also works at the skills acquisition center",4000,,2021-12-31
Baseline Financial Diaries_1,kebbi,ngaski,NON WAG,kebbi_Ngaski_wara_Financialdiaries_formerandnonwag_31122021. week 4.docx,BL03-NWAG-Ngaski-WK4,4,Fixed,Income,Gift to the respondent by her uncle,5000,,2021-12-31
Baseline Financial Diaries_1,kebbi,ngaski,NON WAG,kebbi_Ngaski_wara_Financialdiaries_formerandnonwag_31122021. week 4.docx,BL03-NWAG-Ngaski-WK4,4,Fixed,Expenditure,Food stuffs,15500,"Food stuffs like rice, corn flour",2021-12-31
Baseline Financial Diaries_1,kebbi,ngaski,NON WAG,kebbi_Ngaski_wara_Financialdiaries_formerandnonwag_31122021. week 4.docx,BL03-NWAG-Ngaski-WK4,4,Fixed,Expenditure,Soup ingredients,17000,"Fresh vegetables and condiments, meat and fish",2021-12-31
Baseline Financial Diaries_1,kebbi,ngaski,NON WAG,kebbi_Ngaski_wara_Financialdiaries_formerandnonwag_31122021. week 4.docx,BL03-NWAG-Ngaski-WK4,4,Fixed,Expenditure,Toiletries/hair,1000,"Detergent, soap, bathing soap. All the girls in the household made their hair",2021-12-31
Baseline Financial Diaries_1,kebbi,ngaski,NON WAG,kebbi_Ngaski_wara_Financialdiaries_formerandnonwag_31122021. week 4.docx,BL03-NWAG-Ngaski-WK4,4,Fixed,Expenditure,firewood,2200,,2021-12-31
Baseline Financial Diaries_1,kebbi,ngaski,NON WAG,kebbi_Ngaski_wara_Financialdiaries_formerandnonwag_31122021. week 4.docx,BL03-NWAG-Ngaski-WK4,4,Fixed,Expenditure,breakfast,3500,"They mostly buy cooked food from outside for breakfast such as pap, moimoi, akara",2021-12-31
Baseline Financial Diaries_1,kebbi,ngaski,NON WAG,kebbi_Ngaski_wara_Financialdiaries_formerandnonwag_31122021. week 4.docx,BL03-NWAG-Ngaski-WK4,4,Variable,Expenditure,Transport fare,20000,10 household members went for a wedding in a different LGA and came back. All paid by the household head,2021-12-31
Baseline Financial Diaries_1,kebbi,ngaski,NON WAG,kebbi_Ngaski_wara_Financialdiaries_formerandnonwag_17122021. week 2.docx,BL03-NWAG-Ngaski-WK2,2,Fixed,Income,"Government worker.
The husband of the respondent works with the government at the LGA. He is paid 100,000naira monthly.
He is also a farmer",25000,,2021-12-17
Baseline Financial Diaries_1,kebbi,ngaski,NON WAG,kebbi_Ngaski_wara_Financialdiaries_formerandnonwag_17122021. week 2.docx,BL03-NWAG-Ngaski-WK2,2,Fixed,Income,"Government worker
The wife of the house hold head works in a government owned skills acquisition center. She is paid 17,480 monthly",4370,,2021-12-17
Baseline Financial Diaries_1,kebbi,ngaski,NON WAG,kebbi_Ngaski_wara_Financialdiaries_formerandnonwag_17122021. week 2.docx,BL03-NWAG-Ngaski-WK2,2,Fixed,Income,"Government worker
Second wife of the household head also works at the same skills acquisition center
She is paid 17,480 monthly",4370,,2021-12-17
Baseline Financial Diaries_1,kebbi,ngaski,NON WAG,kebbi_Ngaski_wara_Financialdiaries_formerandnonwag_17122021. week 2.docx,BL03-NWAG-Ngaski-WK2,2,Fixed,Income,"Government worker she works at the skills acquisition center too. She is paid 14,536 monthly",3634,,2021-12-17
Baseline Financial Diaries_1,kebbi,ngaski,NON WAG,kebbi_Ngaski_wara_Financialdiaries_formerandnonwag_17122021. week 2.docx,BL03-NWAG-Ngaski-WK2,2,Fixed,Income,"Petty trading/agriculture

The respondent is a niece to the household head, she sells cold drinks.
 from the house. She makes the drinks by herself (hibiscus flower) 2800
house hold head also sold some agricultural products. 6000",8800,,2021-12-17
Baseline Financial Diaries_1,kebbi,ngaski,NON WAG,kebbi_Ngaski_wara_Financialdiaries_formerandnonwag_17122021. week 2.docx,BL03-NWAG-Ngaski-WK2,2,Fixed,Income,"Government worker
Sister in-law of the household head also works at the skills acquisition center",4000,,2021-12-17
Baseline Financial Diaries_1,kebbi,ngaski,NON WAG,kebbi_Ngaski_wara_Financialdiaries_formerandnonwag_17122021. week 2.docx,BL03-NWAG-Ngaski-WK2,2,Fixed,Income,Loan repayment,2000,,2021-12-17
Baseline Financial Diaries_1,kebbi,ngaski,NON WAG,kebbi_Ngaski_wara_Financialdiaries_formerandnonwag_17122021. week 2.docx,BL03-NWAG-Ngaski-WK2,2,Fixed,Expenditure,Food stuffs,14000,"Food stuffs like rice, corn flour",2021-12-17
Baseline Financial Diaries_1,kebbi,ngaski,NON WAG,kebbi_Ngaski_wara_Financialdiaries_formerandnonwag_17122021. week 2.docx,BL03-NWAG-Ngaski-WK2,2,Fixed,Expenditure,Soup ingredients,7000,Fresh vegetables and condiments,2021-12-17
Baseline Financial Diaries_1,kebbi,ngaski,NON WAG,kebbi_Ngaski_wara_Financialdiaries_formerandnonwag_17122021. week 2.docx,BL03-NWAG-Ngaski-WK2,2,Fixed,Expenditure,toiletries,7000,"Detergents, soap, bathing soap, toothpaste, body lotion.",2021-12-17
Baseline Financial Diaries_1,kebbi,ngaski,NON WAG,kebbi_Ngaski_wara_Financialdiaries_formerandnonwag_17122021. week 2.docx,BL03-NWAG-Ngaski-WK2,2,Fixed,Expenditure,firewood,2800,,2021-12-17
Baseline Financial Diaries_1,kebbi,ngaski,NON WAG,kebbi_Ngaski_wara_Financialdiaries_formerandnonwag_17122021. week 2.docx,BL03-NWAG-Ngaski-WK2,2,Fixed,Expenditure,breakfast,3500,"They mostly buy cooked food from outside for breakfast such as pap, moimoi, akara",2021-12-17
Baseline Financial Diaries_1,kebbi,ngaski,NON WAG,kebbi_Ngaski_wara_Financialdiaries_formerandnonwag_17122021. week 2.docx,BL03-NWAG-Ngaski-WK2,2,Variable,Expenditure,Health care,3000,Someone was taken to the hospital,2021-12-17
Baseline Financial Diaries_1,kebbi,ngaski,NON WAG,kebbi_Ngaski_wara_Financialdiaries_formerandnonwag_17122021. week 2.docx,BL03-NWAG-Ngaski-WK2,2,Variable,Expenditure,School fees,45000,The respondent got admission into school of health. This is tuition fees for one session i.e one year,2021-12-17
Baseline Financial Diaries_1,kebbi,ngaski,NON WAG,kebbi_Ngaski_wara_Financialdiaries_formerandnonwag_17122021. week 2.docx,BL03-NWAG-Ngaski-WK2,2,Variable,Expenditure,Uniforms for islamiyya,3500,Uniforms For 5 children,2021-12-17
Baseline Financial Diaries_1,kebbi,ngaski,NON WAG,kebbi_Ngaski_wara_Financialdiaries_formerandnonwag_17122021. week 2.docx,BL03-NWAG-Ngaski-WK2,2,Variable,Expenditure,Shoes for islamiyya,1600,,2021-12-17
Baseline Financial Diaries_1,kebbi,ngaski,NON WAG,kebbi_Ngaski_wara_Financialdiaries_formerandnonwag_17122021. week 2.docx,BL03-NWAG-Ngaski-WK2,2,Variable,Expenditure,Payment of loan,1000,,2021-12-17
Baseline Financial Diaries_1,kebbi,ngaski,NON WAG,kebbi_Ngaski_wara_Financialdiaries_formerandnonwag_17122021. week 2.docx,BL03-NWAG-Ngaski-WK2,2,Variable,Expenditure,Wedding contribution,1500,,2021-12-17
Baseline Financial Diaries_1,kebbi,ngaski,NON WAG,kebbi_Ngaski_wara_Financialdiaries_formerandnonwag_24122021. week 3.docx,BL03-NWAG-Ngaski-WK3,3,Fixed,Income,"Government worker.
The husband of the respondent works with the government at the LGA. He is paid 100,000naira monthly.
He is also a farmer",25000,,2021-12-24
Baseline Financial Diaries_1,kebbi,ngaski,NON WAG,kebbi_Ngaski_wara_Financialdiaries_formerandnonwag_24122021. week 3.docx,BL03-NWAG-Ngaski-WK3,3,Fixed,Income,"Government worker
The wife of the house hold head works in a government owned skills acquisition center. She is paid 17,480 monthly",4370,,2021-12-24
Baseline Financial Diaries_1,kebbi,ngaski,NON WAG,kebbi_Ngaski_wara_Financialdiaries_formerandnonwag_24122021. week 3.docx,BL03-NWAG-Ngaski-WK3,3,Fixed,Income,"Government worker
Second wife of the household head also works at the same skills acquisition center
She is paid 17,480 monthly",4370,,2021-12-24
Baseline Financial Diaries_1,kebbi,ngaski,NON WAG,kebbi_Ngaski_wara_Financialdiaries_formerandnonwag_24122021. week 3.docx,BL03-NWAG-Ngaski-WK3,3,Fixed,Income,"Government worker she works at the skills acquisition center too. She is paid 14,536 monthly",3634,,2021-12-24
Baseline Financial Diaries_1,kebbi,ngaski,NON WAG,kebbi_Ngaski_wara_Financialdiaries_formerandnonwag_24122021. week 3.docx,BL03-NWAG-Ngaski-WK3,3,Fixed,Income,"Petty trading

The respondent is a niece to the household head, she sells cold drinks.
 from the house. She makes the drinks by herself (hibiscus flower) 500

another person in the household does petty trading got 2500",3000,,2021-12-24
Baseline Financial Diaries_1,kebbi,ngaski,NON WAG,kebbi_Ngaski_wara_Financialdiaries_formerandnonwag_24122021. week 3.docx,BL03-NWAG-Ngaski-WK3,3,Fixed,Income,"Government worker
Sister in-law of the household head also works at the skills acquisition center",4000,,2021-12-24
Baseline Financial Diaries_1,kebbi,ngaski,NON WAG,kebbi_Ngaski_wara_Financialdiaries_formerandnonwag_24122021. week 3.docx,BL03-NWAG-Ngaski-WK3,3,Fixed,Income,Gift for her aunty,2000,,2021-12-24
Baseline Financial Diaries_1,kebbi,ngaski,NON WAG,kebbi_Ngaski_wara_Financialdiaries_formerandnonwag_24122021. week 3.docx,BL03-NWAG-Ngaski-WK3,3,Fixed,Expenditure,Food stuffs,14000,"Food stuffs like rice, corn flour",2021-12-24
Baseline Financial Diaries_1,kebbi,ngaski,NON WAG,kebbi_Ngaski_wara_Financialdiaries_formerandnonwag_24122021. week 3.docx,BL03-NWAG-Ngaski-WK3,3,Fixed,Expenditure,Soup ingredients,7000,"Fresh vegetables and condiments, meat and fish",2021-12-24
Baseline Financial Diaries_1,kebbi,ngaski,NON WAG,kebbi_Ngaski_wara_Financialdiaries_formerandnonwag_24122021. week 3.docx,BL03-NWAG-Ngaski-WK3,3,Fixed,Expenditure,Toiletries,700,"Detergent, soap",2021-12-24
Baseline Financial Diaries_1,kebbi,ngaski,NON WAG,kebbi_Ngaski_wara_Financialdiaries_formerandnonwag_24122021. week 3.docx,BL03-NWAG-Ngaski-WK3,3,Fixed,Expenditure,firewood,2800,,2021-12-24
Baseline Financial Diaries_1,kebbi,ngaski,NON WAG,kebbi_Ngaski_wara_Financialdiaries_formerandnonwag_24122021. week 3.docx,BL03-NWAG-Ngaski-WK3,3,Fixed,Expenditure,breakfast,3500,"They mostly buy cooked food from outside for breakfast such as pap, moimoi, akara",2021-12-24
Baseline Financial Diaries_1,kebbi,ngaski,NON WAG,kebbi_Ngaski_wara_Financialdiaries_formerandnonwag_24122021. week 3.docx,BL03-NWAG-Ngaski-WK3,3,Variable,Expenditure,Transport fare,1000,Respondent went to visit her mother in another community,2021-12-24
Baseline Financial Diaries_1,kebbi,ngaski,WAG,kebbi_Ngaski_wara_Financialdiaries_wag_24122021 week 3.docx,BL04-WAG-Ngaski-WK3,3,Fixed,Income,"Government worker.
The husband of the respondent works with the government at the LGA level. He is paid 75000naira monthly",18750,,2021-12-24
Baseline Financial Diaries_1,kebbi,ngaski,WAG,kebbi_Ngaski_wara_Financialdiaries_wag_24122021 week 3.docx,BL04-WAG-Ngaski-WK3,3,Fixed,Income,"Trading.
The respondent makes Vaseline and perfumes for sale.",6350,,2021-12-24
Baseline Financial Diaries_1,kebbi,ngaski,WAG,kebbi_Ngaski_wara_Financialdiaries_wag_24122021 week 3.docx,BL04-WAG-Ngaski-WK3,3,Fixed,Income,Loan repayment,1000,,2021-12-24
Baseline Financial Diaries_1,kebbi,ngaski,WAG,kebbi_Ngaski_wara_Financialdiaries_wag_24122021 week 3.docx,BL04-WAG-Ngaski-WK3,3,Fixed,Expenditure,"Food stuffs rice, corn flour
Fresh vegetables such as tomatoes and 
Peppers, onions, spinach and other condiments like seasonings",10500,,2021-12-24
Baseline Financial Diaries_1,kebbi,ngaski,WAG,kebbi_Ngaski_wara_Financialdiaries_wag_24122021 week 3.docx,BL04-WAG-Ngaski-WK3,3,Fixed,Expenditure,shoe,900,,2021-12-24
Baseline Financial Diaries_1,kebbi,ngaski,WAG,kebbi_Ngaski_wara_Financialdiaries_wag_24122021 week 3.docx,BL04-WAG-Ngaski-WK3,3,Fixed,Expenditure,savings,600,WAG meeting. This is a weekly contribution,2021-12-24
Baseline Financial Diaries_1,kebbi,ngaski,WAG,kebbi_Ngaski_wara_Financialdiaries_wag_24122021 week 3.docx,BL04-WAG-Ngaski-WK3,3,Fixed,Expenditure,firewood,900,,2021-12-24
Baseline Financial Diaries_1,kebbi,ngaski,WAG,kebbi_Ngaski_wara_Financialdiaries_wag_24122021 week 3.docx,BL04-WAG-Ngaski-WK3,3,Fixed,Expenditure,Social fund,200,Also a weekly contribution,2021-12-24
Baseline Financial Diaries_1,kebbi,ngaski,WAG,kebbi_Ngaski_wara_Financialdiaries_wag_24122021 week 3.docx,BL04-WAG-Ngaski-WK3,3,Variable,Expenditure,book,300,For islamiyya,2021-12-24
Baseline Financial Diaries_1,kebbi,ngaski,WAG,kebbi_Ngaski_wara_Financialdiaries_wag_24122021 week 3.docx,BL04-WAG-Ngaski-WK3,3,Variable,Expenditure,Gave someone a gift,2000,,2021-12-24
Baseline Financial Diaries_1,kebbi,ngaski,WAG,kebbi_Ngaski_wara_Financialdiaries_wag_24122021 week 3.docx,BL04-WAG-Ngaski-WK3,3,Variable,Expenditure,Hospital visit,500,Gave the patient,2021-12-24
Baseline Financial Diaries_1,kebbi,ngaski,WAG,kebbi_Ngaski_wara_Financialdiaries_wag_17122021 week 2.docx,BL04-WAG-Ngaski-WK2,2,Fixed,Income,"Government worker.
The husband of the respondent works with the government at the LGA level. He is paid 75000naira monthly",18750,,2021-12-17
Baseline Financial Diaries_1,kebbi,ngaski,WAG,kebbi_Ngaski_wara_Financialdiaries_wag_17122021 week 2.docx,BL04-WAG-Ngaski-WK2,2,Fixed,Income,"Trading.
The respondent makes Vaseline and perfumes for sale.",5400,,2021-12-17
Baseline Financial Diaries_1,kebbi,ngaski,WAG,kebbi_Ngaski_wara_Financialdiaries_wag_17122021 week 2.docx,BL04-WAG-Ngaski-WK2,2,Fixed,Income,Gift from nephew,2000,,2021-12-17
Baseline Financial Diaries_1,kebbi,ngaski,WAG,kebbi_Ngaski_wara_Financialdiaries_wag_17122021 week 2.docx,BL04-WAG-Ngaski-WK2,2,Fixed,Expenditure,"Food stuffs rice, corn flour
Fresh vegetables such as tomatoes and 
Peppers, onions, spinach and other condiments like seasonings",10500,,2021-12-17
Baseline Financial Diaries_1,kebbi,ngaski,WAG,kebbi_Ngaski_wara_Financialdiaries_wag_17122021 week 2.docx,BL04-WAG-Ngaski-WK2,2,Fixed,Expenditure,Break money for kids in school,900,Children in school gets pocket money,2021-12-17
Baseline Financial Diaries_1,kebbi,ngaski,WAG,kebbi_Ngaski_wara_Financialdiaries_wag_17122021 week 2.docx,BL04-WAG-Ngaski-WK2,2,Fixed,Expenditure,Braiding of hair,400,,2021-12-17
Baseline Financial Diaries_1,kebbi,ngaski,WAG,kebbi_Ngaski_wara_Financialdiaries_wag_17122021 week 2.docx,BL04-WAG-Ngaski-WK2,2,Fixed,Expenditure,firewood,1500,,2021-12-17
Baseline Financial Diaries_1,kebbi,ngaski,WAG,kebbi_Ngaski_wara_Financialdiaries_wag_17122021 week 2.docx,BL04-WAG-Ngaski-WK2,2,Variable,Expenditure,Wedding contribution,1000,Her niece got married,2021-12-17
Baseline Financial Diaries_1,kebbi,ngaski,WAG,kebbi_Ngaski_wara_Financialdiaries_wag_24122021 week 4.docx,BL04-WAG-Ngaski-WK4,4,Fixed,Income,"Government worker.
The husband of the respondent works with the government at the LGA level. He is paid 75000naira monthly",18750,,2021-12-24
Baseline Financial Diaries_1,kebbi,ngaski,WAG,kebbi_Ngaski_wara_Financialdiaries_wag_24122021 week 4.docx,BL04-WAG-Ngaski-WK4,4,Fixed,Income,"Trading.
The respondent makes Vaseline and perfumes for sale.",5300,,2021-12-24
Baseline Financial Diaries_1,kebbi,ngaski,WAG,kebbi_Ngaski_wara_Financialdiaries_wag_24122021 week 4.docx,BL04-WAG-Ngaski-WK4,4,Fixed,Income,Loan repayment,1000,,2021-12-24
Baseline Financial Diaries_1,kebbi,ngaski,WAG,kebbi_Ngaski_wara_Financialdiaries_wag_24122021 week 4.docx,BL04-WAG-Ngaski-WK4,4,Fixed,Expenditure,Food stuffs/ soup ingredients,15250,"Food stuffs rice, corn flour
Fresh vegetables such as tomatoes and 
Peppers, onions, spinach and other condiments like seasonings, meat, fish",2021-12-24
Baseline Financial Diaries_1,kebbi,ngaski,WAG,kebbi_Ngaski_wara_Financialdiaries_wag_24122021 week 4.docx,BL04-WAG-Ngaski-WK4,4,Fixed,Expenditure,breakfast,1500,,2021-12-24
Baseline Financial Diaries_1,kebbi,ngaski,WAG,kebbi_Ngaski_wara_Financialdiaries_wag_24122021 week 4.docx,BL04-WAG-Ngaski-WK4,4,Fixed,Expenditure,WAG/social fund,850,WAG meeting. This is a weekly contribution,2021-12-24
Baseline Financial Diaries_1,kebbi,ngaski,WAG,kebbi_Ngaski_wara_Financialdiaries_wag_24122021 week 4.docx,BL04-WAG-Ngaski-WK4,4,Fixed,Expenditure,firewood,900,,2021-12-24
Baseline Financial Diaries_1,kebbi,ngaski,WAG,kebbi_Ngaski_wara_Financialdiaries_wag_24122021 week 4.docx,BL04-WAG-Ngaski-WK4,4,Fixed,Expenditure,Social fund,200,Also a weekly contribution,2021-12-24
Baseline Financial Diaries_1,kebbi,ngaski,WAG,kebbi_Ngaski_wara_Financialdiaries_wag_24122021 week 4.docx,BL04-WAG-Ngaski-WK4,4,Fixed,Expenditure,Braiding of hair,400,,2021-12-24
Baseline Financial Diaries_1,kebbi,ngaski,WAG,kebbi_Ngaski_wara_Financialdiaries_wag_24122021 week 4.docx,BL04-WAG-Ngaski-WK4,4,Fixed,Expenditure,savings,200,A different savings from WAG,2021-12-24
Baseline Financial Diaries_1,kebbi,ngaski,WAG,kebbi_Ngaski_wara_Financialdiaries_wag_24122021 week 4.docx,BL04-WAG-Ngaski-WK4,4,Variable,Expenditure,book,300,For islamiyya,2021-12-24
Baseline Financial Diaries_1,kebbi,ngaski,WAG,kebbi_Ngaski_wara_Financialdiaries_wag_24122021 week 4.docx,BL04-WAG-Ngaski-WK4,4,Variable,Expenditure,Gave someone a gift,2000,,2021-12-24
Baseline Financial Diaries_1,kebbi,ngaski,WAG,kebbi_Ngaski_wara_Financialdiaries_wag_24122021 week 4.docx,BL04-WAG-Ngaski-WK4,4,Variable,Expenditure,Hospital visit,500,Gave the patient,2021-12-24
Baseline Financial Diaries_1,kebbi,maiyama,NON WAG,kebbi_maiyama_gumbinkure_Financialdiaries_formerandnonwag_06122021 week 1.docx,BL01-NWAG-Maiyama-WK1,1,Fixed,Income,"petty trading

the respondent sells cold drinks in her fridge at home",1000,,2021-12-06
Baseline Financial Diaries_1,kebbi,maiyama,NON WAG,kebbi_maiyama_gumbinkure_Financialdiaries_formerandnonwag_06122021 week 1.docx,BL01-NWAG-Maiyama-WK1,1,Fixed,Income,"Business.
Her husband is a businessman who sells bush meat which he buys in bulk from Niger republic and sells in badan town in Oyo state.",70000,,2021-12-06
Baseline Financial Diaries_1,kebbi,maiyama,NON WAG,kebbi_maiyama_gumbinkure_Financialdiaries_formerandnonwag_06122021 week 1.docx,BL01-NWAG-Maiyama-WK1,1,Fixed,Income,"Grinding machine
One of her co-wives owns a grinding machine",15000,,2021-12-06
Baseline Financial Diaries_1,kebbi,maiyama,NON WAG,kebbi_maiyama_gumbinkure_Financialdiaries_formerandnonwag_06122021 week 1.docx,BL01-NWAG-Maiyama-WK1,1,Fixed,Income,"Tailoring
Another Co wife of the respondent is a tailor who conducts her business at home. The 10000 is an estimated amount because she did not know the specific amount.",10000,,2021-12-06
Baseline Financial Diaries_1,kebbi,maiyama,NON WAG,kebbi_maiyama_gumbinkure_Financialdiaries_formerandnonwag_06122021 week 1.docx,BL01-NWAG-Maiyama-WK1,1,Variable,Income,Gift from her step son who came for a visit,30000,,2021-12-06
Baseline Financial Diaries_1,kebbi,maiyama,NON WAG,kebbi_maiyama_gumbinkure_Financialdiaries_formerandnonwag_06122021 week 1.docx,BL01-NWAG-Maiyama-WK1,1,Variable,Income,Gift from husband,10000,,2021-12-06
Baseline Financial Diaries_1,kebbi,maiyama,NON WAG,kebbi_maiyama_gumbinkure_Financialdiaries_formerandnonwag_06122021 week 1.docx,BL01-NWAG-Maiyama-WK1,1,Fixed,Expenditure,Food stuffs,38000,"This includes grains such as corn, guinea corn, rice. Soup ingredients such as fresh vegetables, condiments and local soup ingredients",2021-12-06
Baseline Financial Diaries_1,kebbi,maiyama,NON WAG,kebbi_maiyama_gumbinkure_Financialdiaries_formerandnonwag_06122021 week 1.docx,BL01-NWAG-Maiyama-WK1,1,Fixed,Expenditure,meat,7000,They bought 1000naira meat daily.,2021-12-06
Baseline Financial Diaries_1,kebbi,maiyama,NON WAG,kebbi_maiyama_gumbinkure_Financialdiaries_formerandnonwag_06122021 week 1.docx,BL01-NWAG-Maiyama-WK1,1,Fixed,Expenditure,toiletries,3000,,2021-12-06
Baseline Financial Diaries_1,kebbi,maiyama,NON WAG,kebbi_maiyama_gumbinkure_Financialdiaries_formerandnonwag_06122021 week 1.docx,BL01-NWAG-Maiyama-WK1,1,Fixed,Expenditure,Snacks for children,5000,The household is a polygamous home with lots of children who take snacks to school,2021-12-06
Baseline Financial Diaries_1,kebbi,maiyama,NON WAG,kebbi_maiyama_gumbinkure_Financialdiaries_formerandnonwag_06122021 week 1.docx,BL01-NWAG-Maiyama-WK1,1,Fixed,Expenditure,Books,600,For children in school,2021-12-06
Baseline Financial Diaries_1,kebbi,maiyama,NON WAG,kebbi_maiyama_gumbinkure_Financialdiaries_formerandnonwag_27122021 week 4.docx,BL01-NWAG- Maiyama -WK4,4,Fixed,Income,"petty trading

the respondent sells cold drinks in her fridge at home",7400,,2021-12-02
Baseline Financial Diaries_1,kebbi,maiyama,NON WAG,kebbi_maiyama_gumbinkure_Financialdiaries_formerandnonwag_27122021 week 4.docx,BL01-NWAG- Maiyama -WK4,4,Fixed,Income,"Business.
Her husband is a businessman who sells bush meat which he buys in bulk from Niger republic and sells in badan town in Oyo state.",150000,,2021-12-02
Baseline Financial Diaries_1,kebbi,maiyama,NON WAG,kebbi_maiyama_gumbinkure_Financialdiaries_formerandnonwag_27122021 week 4.docx,BL01-NWAG- Maiyama -WK4,4,Fixed,Income,"Petty trading
One of her co-wives who owns the grinding machine changed her business and started selling groundnut cake and seasoning because her machine packed up",6500,,2021-12-02
Baseline Financial Diaries_1,kebbi,maiyama,NON WAG,kebbi_maiyama_gumbinkure_Financialdiaries_formerandnonwag_27122021 week 4.docx,BL01-NWAG- Maiyama -WK4,4,Fixed,Income,"Tailoring
Another Co wife of the respondent is a tailor who conducts her business at home. The 10000 is an estimated amount because she did not know the specific amount.",8000,,2021-12-02
Baseline Financial Diaries_1,kebbi,maiyama,NON WAG,kebbi_maiyama_gumbinkure_Financialdiaries_formerandnonwag_27122021 week 4.docx,BL01-NWAG- Maiyama -WK4,4,Fixed,Income,"Agricultural products
Husband took out some grains from the store and sold. P.s he farms during the raining season",26000,,2021-12-02
Baseline Financial Diaries_1,kebbi,maiyama,NON WAG,kebbi_maiyama_gumbinkure_Financialdiaries_formerandnonwag_27122021 week 4.docx,BL01-NWAG- Maiyama -WK4,4,Variable,Income,Gift from her father,1000,,2021-12-02
Baseline Financial Diaries_1,kebbi,maiyama,NON WAG,kebbi_maiyama_gumbinkure_Financialdiaries_formerandnonwag_27122021 week 4.docx,BL01-NWAG- Maiyama -WK4,4,Variable,Income,Gift from husband,1500,,2021-12-02
Baseline Financial Diaries_1,kebbi,maiyama,NON WAG,kebbi_maiyama_gumbinkure_Financialdiaries_formerandnonwag_27122021 week 4.docx,BL01-NWAG- Maiyama -WK4,4,Fixed,Expenditure,Soup ingredients,5000,"Soup ingredients such as fresh vegetables, condiments and local soup ingredients.",2021-12-02
Baseline Financial Diaries_1,kebbi,maiyama,NON WAG,kebbi_maiyama_gumbinkure_Financialdiaries_formerandnonwag_27122021 week 4.docx,BL01-NWAG- Maiyama -WK4,4,Fixed,Expenditure,meat,8000,,2021-12-02
Baseline Financial Diaries_1,kebbi,maiyama,NON WAG,kebbi_maiyama_gumbinkure_Financialdiaries_formerandnonwag_27122021 week 4.docx,BL01-NWAG- Maiyama -WK4,4,Fixed,Expenditure,"Groceries. Bread, milk, sugar",8300,,2021-12-02
Baseline Financial Diaries_1,kebbi,maiyama,NON WAG,kebbi_maiyama_gumbinkure_Financialdiaries_formerandnonwag_27122021 week 4.docx,BL01-NWAG- Maiyama -WK4,4,Fixed,Expenditure,Palm oil,1500,,2021-12-02
Baseline Financial Diaries_1,kebbi,maiyama,NON WAG,kebbi_maiyama_gumbinkure_Financialdiaries_formerandnonwag_27122021 week 4.docx,BL01-NWAG- Maiyama -WK4,4,Fixed,Expenditure,"Grains
They had in store, she estimated the value",15000,"Rice, millet, guinea corn.",2021-12-02
Baseline Financial Diaries_1,kebbi,maiyama,NON WAG,kebbi_maiyama_gumbinkure_Financialdiaries_formerandnonwag_27122021 week 4.docx,BL01-NWAG- Maiyama -WK4,4,Variable,Expenditure,circumcision,6000,Three male children were circumcised in the house.,2021-12-02
Baseline Financial Diaries_1,kebbi,maiyama,NON WAG,kebbi_maiyama_gumbinkure_Financialdiaries_formerandnonwag_20122021 week 3.docx,BL01-NWAG- Maiyama -WK3,3,Fixed,Income,"petty trading

the respondent sells cold drinks in her fridge at home",6000,,2021-12-20
Baseline Financial Diaries_1,kebbi,maiyama,NON WAG,kebbi_maiyama_gumbinkure_Financialdiaries_formerandnonwag_20122021 week 3.docx,BL01-NWAG- Maiyama -WK3,3,Fixed,Income,"Business.
Her husband is a businessman who sells bush meat which he buys in bulk from Niger republic and sells in badan town in Oyo state.",3000,,2021-12-20
Baseline Financial Diaries_1,kebbi,maiyama,NON WAG,kebbi_maiyama_gumbinkure_Financialdiaries_formerandnonwag_20122021 week 3.docx,BL01-NWAG- Maiyama -WK3,3,Fixed,Income,"Petty trading
One of her co-wives who owns the grinding machine changed her business and started selling groundnut cake and seasoning because her machine packed up",4000,,2021-12-20
Baseline Financial Diaries_1,kebbi,maiyama,NON WAG,kebbi_maiyama_gumbinkure_Financialdiaries_formerandnonwag_20122021 week 3.docx,BL01-NWAG- Maiyama -WK3,3,Fixed,Income,"Tailoring
Another Co wife of the respondent is a tailor who conducts her business at home. The 10000 is an estimated amount because she did not know the specific amount.",5000,,2021-12-20
Baseline Financial Diaries_1,kebbi,maiyama,NON WAG,kebbi_maiyama_gumbinkure_Financialdiaries_formerandnonwag_20122021 week 3.docx,BL01-NWAG- Maiyama -WK3,3,Variable,Income,Gift from her father,1000,,2021-12-20
Baseline Financial Diaries_1,kebbi,maiyama,NON WAG,kebbi_maiyama_gumbinkure_Financialdiaries_formerandnonwag_20122021 week 3.docx,BL01-NWAG- Maiyama -WK3,3,Variable,Income,Gift from husband,15000,,2021-12-20
Baseline Financial Diaries_1,kebbi,maiyama,NON WAG,kebbi_maiyama_gumbinkure_Financialdiaries_formerandnonwag_20122021 week 3.docx,BL01-NWAG- Maiyama -WK3,3,Fixed,Expenditure,Food stuffs,50000,"This includes grains such as corn, guinea corn, rice. Soup ingredients such as fresh vegetables, condiments and local soup ingredients",2021-12-20
Baseline Financial Diaries_1,kebbi,maiyama,NON WAG,kebbi_maiyama_gumbinkure_Financialdiaries_formerandnonwag_20122021 week 3.docx,BL01-NWAG- Maiyama -WK3,3,Fixed,Expenditure,meat,7000,"They bought 1000naira meat daily.
This week the husband sold his remaining old stock for the sum of 3000.",2021-12-20
Baseline Financial Diaries_1,kebbi,maiyama,NON WAG,kebbi_maiyama_gumbinkure_Financialdiaries_formerandnonwag_20122021 week 3.docx,BL01-NWAG- Maiyama -WK3,3,Fixed,Expenditure,"Groceries. Bread, milk, sugar",9500,,2021-12-20
Baseline Financial Diaries_1,kebbi,maiyama,NON WAG,kebbi_maiyama_gumbinkure_Financialdiaries_formerandnonwag_20122021 week 3.docx,BL01-NWAG- Maiyama -WK3,3,Variable,Expenditure,Medication from the pharmacy,3500,A household member was ill.,2021-12-20
Baseline Financial Diaries_1,kebbi,maiyama,NON WAG,kebbi_maiyama_gumbinkure_Financialdiaries_formerandnonwag_week 2.docx,BL01-NWAG- Maiyama -WK2,2,Fixed,Income,"petty trading

the respondent sells cold drinks in her fridge at home",7000,,2021-12-13
Baseline Financial Diaries_1,kebbi,maiyama,NON WAG,kebbi_maiyama_gumbinkure_Financialdiaries_formerandnonwag_week 2.docx,BL01-NWAG- Maiyama -WK2,2,Fixed,Income,"Business.
Her husband is a businessman who sells bush meat which he buys in bulk from Niger republic and sells in badan town in Oyo state",60000,,2021-12-13
Baseline Financial Diaries_1,kebbi,maiyama,NON WAG,kebbi_maiyama_gumbinkure_Financialdiaries_formerandnonwag_week 2.docx,BL01-NWAG- Maiyama -WK2,2,Fixed,Income,"Petty trading
One of her co-wives who owns the grinding machine changed her business and started selling groundnut cake and seasoning because her machine packed up",3500,,2021-12-13
Baseline Financial Diaries_1,kebbi,maiyama,NON WAG,kebbi_maiyama_gumbinkure_Financialdiaries_formerandnonwag_week 2.docx,BL01-NWAG- Maiyama -WK2,2,Fixed,Income,"Tailoring
Another Co wife of the respondent is a tailor who conducts her business at home. The 10000 is an estimated amount because she did not know the specific amount.",8000,,2021-12-13
Baseline Financial Diaries_1,kebbi,maiyama,NON WAG,kebbi_maiyama_gumbinkure_Financialdiaries_formerandnonwag_week 2.docx,BL01-NWAG- Maiyama -WK2,2,Fixed,Income,Gift from husband,4000,,2021-12-13
Baseline Financial Diaries_1,kebbi,maiyama,NON WAG,kebbi_maiyama_gumbinkure_Financialdiaries_formerandnonwag_week 2.docx,BL01-NWAG- Maiyama -WK2,2,Fixed,Income,Gift from a friend,2500,,2021-12-13
Baseline Financial Diaries_1,kebbi,maiyama,NON WAG,kebbi_maiyama_gumbinkure_Financialdiaries_formerandnonwag_week 2.docx,BL01-NWAG- Maiyama -WK2,2,Fixed,Income,Gift from her father,3000,,2021-12-13
Baseline Financial Diaries_1,kebbi,maiyama,NON WAG,kebbi_maiyama_gumbinkure_Financialdiaries_formerandnonwag_week 2.docx,BL01-NWAG- Maiyama -WK2,2,Fixed,Expenditure,Food stuffs,50000,"This includes grains such as corn, guinea corn, rice. Soup ingredients such as fresh vegetables, condiments and local soup ingredients",2021-12-13
Baseline Financial Diaries_1,kebbi,maiyama,NON WAG,kebbi_maiyama_gumbinkure_Financialdiaries_formerandnonwag_week 2.docx,BL01-NWAG- Maiyama -WK2,2,Fixed,Expenditure,meat,2000,They only bought 2000 meat this week,2021-12-13
Baseline Financial Diaries_1,kebbi,maiyama,NON WAG,kebbi_maiyama_gumbinkure_Financialdiaries_formerandnonwag_week 2.docx,BL01-NWAG- Maiyama -WK2,2,Fixed,Expenditure,"Milk, milo, sugar, bread (breakfast)",14000,Breakfast for everyone in the family.,2021-12-13
Baseline Financial Diaries_1,kebbi,maiyama,NON WAG,kebbi_maiyama_gumbinkure_Financialdiaries_formerandnonwag_week 2.docx,BL01-NWAG- Maiyama -WK2,2,Fixed,Expenditure,Snacks for children.,1500,"The family is an extended family with lots of children in school, they bought snacks such as biscuits, sweets and juice.",2021-12-13
Baseline Financial Diaries_1,kebbi,maiyama,NON WAG,kebbi_maiyama_gumbinkure_Financialdiaries_formerandnonwag_week 2.docx,BL01-NWAG- Maiyama -WK2,2,Variable,Expenditure,Medication from pharmacy,2000,Bought medicine from the local PPMV when some family members fell ill.,2021-12-13
Baseline Financial Diaries_1,kebbi,maiyama,WAG,kebbi_maiyama_gumbinkure_Financialdiaries_WAG_20122021 week 3.docx,BL02-WAG-Maiyama-WK3,3,Fixed,Income,"Tailoring

The respondent is the one who has this IGM. She has a sewing machine which she uses at home to sew cloths for children and adults.",8500,,2021-12-20
Baseline Financial Diaries_1,kebbi,maiyama,WAG,kebbi_maiyama_gumbinkure_Financialdiaries_WAG_20122021 week 3.docx,BL02-WAG-Maiyama-WK3,3,Fixed,Income,"Business.
Her husband is a businessman who sells livestock such as ram, chicken and dry fish and onion. He buys in bulk from the north and take it to Imo state to sell. The 100000 she told us for this week is an estimate because she did not call to confirm but she is very sure that he makes 100000 and above weekly.",145000,,2021-12-20
Baseline Financial Diaries_1,kebbi,maiyama,WAG,kebbi_maiyama_gumbinkure_Financialdiaries_WAG_20122021 week 3.docx,BL02-WAG-Maiyama-WK3,3,Fixed,Income,"Petty trading
The respondent sells soup ingredients such as palm oil, vegetable oil, seasoning and other condiments",19600,,2021-12-20
Baseline Financial Diaries_1,kebbi,maiyama,WAG,kebbi_maiyama_gumbinkure_Financialdiaries_WAG_20122021 week 3.docx,BL02-WAG-Maiyama-WK3,3,Fixed,Income,gift,3000,,2021-12-20
Baseline Financial Diaries_1,kebbi,maiyama,WAG,kebbi_maiyama_gumbinkure_Financialdiaries_WAG_20122021 week 3.docx,BL02-WAG-Maiyama-WK3,3,Fixed,Expenditure,Food stuffs,11400,"Includes grains such as rice, millet.",2021-12-20
Baseline Financial Diaries_1,kebbi,maiyama,WAG,kebbi_maiyama_gumbinkure_Financialdiaries_WAG_20122021 week 3.docx,BL02-WAG-Maiyama-WK3,3,Fixed,Expenditure,meat,7000,Her husband sends someone who sells meat to deliver meat to them at home weekly from a town close to theirs,2021-12-20
Baseline Financial Diaries_1,kebbi,maiyama,WAG,kebbi_maiyama_gumbinkure_Financialdiaries_WAG_20122021 week 3.docx,BL02-WAG-Maiyama-WK3,3,Fixed,Expenditure,"Groceries such as milk, sugar, milo, bread, body lotion, toileteries",10500,Husband also pays someone who owns a shop in town to have these things delivered at home pending when it will finish.,2021-12-20
Baseline Financial Diaries_1,kebbi,maiyama,WAG,kebbi_maiyama_gumbinkure_Financialdiaries_WAG_20122021 week 3.docx,BL02-WAG-Maiyama-WK3,3,Fixed,Expenditure,Soup ingredients,3150,Fresh vegetables and condiments,2021-12-20
Baseline Financial Diaries_1,kebbi,maiyama,WAG,kebbi_maiyama_gumbinkure_Financialdiaries_WAG_20122021 week 3.docx,BL02-WAG-Maiyama-WK3,3,Fixed,Expenditure,firewood,1250,,2021-12-20
Baseline Financial Diaries_1,kebbi,maiyama,WAG,kebbi_maiyama_gumbinkure_Financialdiaries_WAG_20122021 week 3.docx,BL02-WAG-Maiyama-WK3,3,Variable,Expenditure,Medication from pharmacy,1500,Her child had eye problems so she bought eye drops from the PPMV in their community.,2021-12-20
Baseline Financial Diaries_1,kebbi,maiyama,WAG,kebbi_maiyama_gumbinkure_Financialdiaries_WAG_20122021 week 3.docx,BL02-WAG-Maiyama-WK3,3,Variable,Expenditure,shoe,2000,She bought a pair of shoes for herself,2021-12-20
Baseline Financial Diaries_1,kebbi,maiyama,WAG,kebbi_maiyama_gumbinkure_Financialdiaries_WAG_20122021 week 3.docx,BL02-WAG-Maiyama-WK3,3,Variable,Expenditure,clothes,7000,Bought clothes for herself,2021-12-20
Baseline Financial Diaries_1,kebbi,maiyama,WAG,kebbi_maiyama_gumbinkure_Financialdiaries_WAG_27122021 week 4.docx,BL02-WAG-Maiyama-WK4,4,Fixed,Income,"Tailoring

The respondent is the one who has this IGM. She has a sewing machine which she uses at home to sew cloths for children and adults.",10000,,2021-12-27
Baseline Financial Diaries_1,kebbi,maiyama,WAG,kebbi_maiyama_gumbinkure_Financialdiaries_WAG_27122021 week 4.docx,BL02-WAG-Maiyama-WK4,4,Fixed,Income,"Business.
Her husband is a businessman who sells livestock such as ram, chicken and dry fish and onion. He buys in bulk from the north and take it to Imo state to sell. The 100000 she told us for this week is an estimate because she did not call to confirm but she is very sure that he makes 100000 and above weekly.",180000,,2021-12-27
Baseline Financial Diaries_1,kebbi,maiyama,WAG,kebbi_maiyama_gumbinkure_Financialdiaries_WAG_27122021 week 4.docx,BL02-WAG-Maiyama-WK4,4,Fixed,Income,"Petty trading
The respondent sells soup ingredients such as palm oil, vegetable oil, seasoning and other condiments",20000,,2021-12-27
Baseline Financial Diaries_1,kebbi,maiyama,WAG,kebbi_maiyama_gumbinkure_Financialdiaries_WAG_27122021 week 4.docx,BL02-WAG-Maiyama-WK4,4,Fixed,Income,Gift from husband,2000,,2021-12-27
Baseline Financial Diaries_1,kebbi,maiyama,WAG,kebbi_maiyama_gumbinkure_Financialdiaries_WAG_27122021 week 4.docx,BL02-WAG-Maiyama-WK4,4,Fixed,Income,Gift from her brother,1000,,2021-12-27
Baseline Financial Diaries_1,kebbi,maiyama,WAG,kebbi_maiyama_gumbinkure_Financialdiaries_WAG_27122021 week 4.docx,BL02-WAG-Maiyama-WK4,4,Fixed,Expenditure,Food stuffs,11800,"Includes grains such as rice, millet.",2021-12-27
Baseline Financial Diaries_1,kebbi,maiyama,WAG,kebbi_maiyama_gumbinkure_Financialdiaries_WAG_27122021 week 4.docx,BL02-WAG-Maiyama-WK4,4,Fixed,Expenditure,meat,7000,Her husband sends someone who sells meat to deliver meat to them at home weekly from a town close to theirs,2021-12-27
Baseline Financial Diaries_1,kebbi,maiyama,WAG,kebbi_maiyama_gumbinkure_Financialdiaries_WAG_27122021 week 4.docx,BL02-WAG-Maiyama-WK4,4,Fixed,Expenditure,"Groceries such as milk, sugar, milo, bread, body lotion, toileteries",10500,Husband also pays someone who owns a shop in town to have these things delivered at home pending when it will finish.,2021-12-27
Baseline Financial Diaries_1,kebbi,maiyama,WAG,kebbi_maiyama_gumbinkure_Financialdiaries_WAG_27122021 week 4.docx,BL02-WAG-Maiyama-WK4,4,Fixed,Expenditure,Soup ingredients,3200,Fresh vegetables and condiments,2021-12-27
Baseline Financial Diaries_1,kebbi,maiyama,WAG,kebbi_maiyama_gumbinkure_Financialdiaries_WAG_27122021 week 4.docx,BL02-WAG-Maiyama-WK4,4,Fixed,Expenditure,firewood,1400,,2021-12-27
Baseline Financial Diaries_1,kebbi,maiyama,WAG,kebbi_maiyama_gumbinkure_Financialdiaries_WAG_27122021 week 4.docx,BL02-WAG-Maiyama-WK4,4,Variable,Expenditure,Medication from pharmacy,2000,For a sick household member,2021-12-27
Baseline Financial Diaries_1,kebbi,maiyama,WAG,kebbi_maiyama_gumbinkure_Financialdiaries_WAG_27122021 week 4.docx,BL02-WAG-Maiyama-WK4,4,Variable,Expenditure,Cloth (hijab),300,She bought a hijab for her daughter,2021-12-27
Baseline Financial Diaries_1,kebbi,maiyama,WAG,kebbi_maiyama_gumbinkure_Financialdiaries_wag_13122021 week 2.docx,BL02-WAG-Maiyama-WK2,2,Fixed,Income,"Tailoring

The respondent is the one who has this IGM. She has a sewing machine which she uses at home to sew cloths for children and adults.",9500,,2021-12-13
Baseline Financial Diaries_1,kebbi,maiyama,WAG,kebbi_maiyama_gumbinkure_Financialdiaries_wag_13122021 week 2.docx,BL02-WAG-Maiyama-WK2,2,Fixed,Income,"Business.
Her husband is a businessman who sells livestock such as ram, chicken and dry fish and onion. He buys in bulk from the north and take it to Imo state to sell. The 100000 she told us for this week is an estimate because she did not call to confirm but she is very sure that he makes 100000 and above weekly.",150000,,2021-12-13
Baseline Financial Diaries_1,kebbi,maiyama,WAG,kebbi_maiyama_gumbinkure_Financialdiaries_wag_13122021 week 2.docx,BL02-WAG-Maiyama-WK2,2,Fixed,Income,"Petty trading
The respondent also sells soup ingredients at home such as palm oil, groundnut oil, condiments such as seasoning, salt, vegetable.",11500,,2021-12-13
Baseline Financial Diaries_1,kebbi,maiyama,WAG,kebbi_maiyama_gumbinkure_Financialdiaries_wag_13122021 week 2.docx,BL02-WAG-Maiyama-WK2,2,Fixed,Income,Gift from her husband,2000,,2021-12-13
Baseline Financial Diaries_1,kebbi,maiyama,WAG,kebbi_maiyama_gumbinkure_Financialdiaries_wag_13122021 week 2.docx,BL02-WAG-Maiyama-WK2,2,Fixed,Income,Gift from her father,5000,,2021-12-13
Baseline Financial Diaries_1,kebbi,maiyama,WAG,kebbi_maiyama_gumbinkure_Financialdiaries_wag_13122021 week 2.docx,BL02-WAG-Maiyama-WK2,2,Fixed,Expenditure,"Fresh vegetables such as tomatoes and 
Peppers, onions, spinach and other condiments like seasonings",3100,She estimated that they spend 300naira daily on these,2021-12-13
Baseline Financial Diaries_1,kebbi,maiyama,WAG,kebbi_maiyama_gumbinkure_Financialdiaries_wag_13122021 week 2.docx,BL02-WAG-Maiyama-WK2,2,Fixed,Expenditure,meat,7000,Her husband sends someone who sells meat to deliver meat to them at home weekly from a town close to theirs,2021-12-13
Baseline Financial Diaries_1,kebbi,maiyama,WAG,kebbi_maiyama_gumbinkure_Financialdiaries_wag_13122021 week 2.docx,BL02-WAG-Maiyama-WK2,2,Fixed,Expenditure,"Groceries such as milk, sugar, milo, bread, body lotion.",10500,Husband also pays someone who owns a shop in town to have these things delivered at home pending when it will finish.,2021-12-13
Baseline Financial Diaries_1,kebbi,maiyama,WAG,kebbi_maiyama_gumbinkure_Financialdiaries_wag_13122021 week 2.docx,BL02-WAG-Maiyama-WK2,2,Fixed,Expenditure,Snacks for children.,1600,"She buys snacks daily for her 3 children to go to school, which she calculated 300 naira daily",2021-12-13
Baseline Financial Diaries_1,kebbi,maiyama,WAG,kebbi_maiyama_gumbinkure_Financialdiaries_wag_13122021 week 2.docx,BL02-WAG-Maiyama-WK2,2,Fixed,Expenditure,Food grains,9750,"Rice, corn.",2021-12-13
Baseline Financial Diaries_1,kebbi,maiyama,WAG,kebbi_maiyama_gumbinkure_Financialdiaries_wag_13122021 week 2.docx,BL02-WAG-Maiyama-WK2,2,Variable,Expenditure,Medication from pharmacy,1500,A child was sick,2021-12-13
Baseline Financial Diaries_1,kebbi,maiyama,WAG,kebbi_maiyama_gumbinkure_Financialdiaries_wag_13122021 week 2.docx,BL02-WAG-Maiyama-WK2,2,Variable,Expenditure,makeup,1000,She bought some makeup for herself,2021-12-13
Baseline Financial Diaries_1,kebbi,maiyama,WAG,kebbi_maiyama_gumbinkure_Financialdiaries_wag_13122021 week 2.docx,BL02-WAG-Maiyama-WK2,2,Variable,Expenditure,clothes,5000,She bought some clothes for her children,2021-12-13
Baseline Financial Diaries_1,kebbi,maiyama,WAG,kebbi_maiyama_gumbinkure_Financialdiaries_ wag_06122021  week 1.docx,BL02-WAG-Maiyama-WK1,1,Fixed,Income,"Tailoring/petty trading

The respondent is the one who has this IGM. She has a sewing machine which she uses at home to sew cloths for children and adults, she also sells soup ingredients like seasoning, salt, palm oil, vegetable oil, onions, peppers and other condiments at home. She made 7000 from the tailoring and 3000 from the petty trading",10000,,2021-12-06
Baseline Financial Diaries_1,kebbi,maiyama,WAG,kebbi_maiyama_gumbinkure_Financialdiaries_ wag_06122021  week 1.docx,BL02-WAG-Maiyama-WK1,1,Fixed,Income,"Business.
Her husband is a businessman who sells livestock such as ram, chicken and dry fish and onion. He buys in bulk from the north and take it to Imo state to sell. The 100000 she told us for this week is an estimate because she did not call to confirm but she is very sure that he makes 100000 and above weekly.",100000,,2021-12-06
Baseline Financial Diaries_1,kebbi,maiyama,WAG,kebbi_maiyama_gumbinkure_Financialdiaries_ wag_06122021  week 1.docx,BL02-WAG-Maiyama-WK1,1,Fixed,Expenditure,"Fresh vegetables such as tomatoes and 
Peppers, onions, spinach and other condiments like seasonings",2100,She estimated that they spend 300naira daily on these.,2021-12-06
Baseline Financial Diaries_1,kebbi,maiyama,WAG,kebbi_maiyama_gumbinkure_Financialdiaries_ wag_06122021  week 1.docx,BL02-WAG-Maiyama-WK1,1,Fixed,Expenditure,meat,6000,Her husband sends someone who sells meat to deliver meat to them at home weekly from a town close to theirs,2021-12-06
Baseline Financial Diaries_1,kebbi,maiyama,WAG,kebbi_maiyama_gumbinkure_Financialdiaries_ wag_06122021  week 1.docx,BL02-WAG-Maiyama-WK1,1,Fixed,Expenditure,"Groceries such as milk, sugar, milo, bread, body lotion.",10000,Husband also pays someone who owns a shop in town to have these things delivered at home pending when it will finish.,2021-12-06
Baseline Financial Diaries_1,kebbi,maiyama,WAG,kebbi_maiyama_gumbinkure_Financialdiaries_ wag_06122021  week 1.docx,BL02-WAG-Maiyama-WK1,1,Fixed,Expenditure,Snacks for children.,2100,"She buys snacks daily for her 3 children to go to school, which she calculated 300 naira daily",2021-12-06
Baseline Financial Diaries_1,kebbi,maiyama,WAG,kebbi_maiyama_gumbinkure_Financialdiaries_ wag_06122021  week 1.docx,BL02-WAG-Maiyama-WK1,1,Variable,Expenditure,Medication from pharmacy,300,Her child had eye problems so she bought eye drops from the PPMV in their community.,2021-12-06
Baseline Financial Diaries_1,kebbi,maiyama,WAG,kebbi_maiyama_gumbinkure_Financialdiaries_ wag_06122021  week 1.docx,BL02-WAG-Maiyama-WK1,1,Variable,Expenditure,makeup,1600,She bought some makeup for herself which will last for no specific months.,2021-12-06
Baseline Financial Diaries_1,kebbi,maiyama,WAG,kebbi_maiyama_gumbinkure_Financialdiaries_ wag_06122021  week 1.docx,BL02-WAG-Maiyama-WK1,1,Variable,Expenditure,clothes,700,She bought underwearâ€™s for her children and she does this only when the need arises,2021-12-06
Midline Financial Diaries,abia,obi ngwa,WAG,Abia_Obingwa_Abayi Ward I_IDI_FD_WAG Member_Week 1.docx,ML04-WAG-OBINGWA-WK 1,1,Fixed,Income,Income from store sales.,17425,,2023-11-05
Midline Financial Diaries,abia,obi ngwa,WAG,Abia_Obingwa_Abayi Ward I_IDI_FD_WAG Member_Week 1.docx,ML04-WAG-OBINGWA-WK 1,1,Fixed,Income,Income from borehole water vending.,1700,,2023-11-05
Midline Financial Diaries,abia,obi ngwa,WAG,Abia_Obingwa_Abayi Ward I_IDI_FD_WAG Member_Week 1.docx,ML04-WAG-OBINGWA-WK 1,1,Variable,Income,Income from selling garri harvested from own farm,2800,,2023-11-05
Midline Financial Diaries,abia,obi ngwa,WAG,Abia_Obingwa_Abayi Ward I_IDI_FD_WAG Member_Week 1.docx,ML04-WAG-OBINGWA-WK 1,1,Variable,Income,Income from selling plum fruits from own tree,450,,2023-11-05
Midline Financial Diaries,abia,obi ngwa,WAG,Abia_Obingwa_Abayi Ward I_IDI_FD_WAG Member_Week 1.docx,ML04-WAG-OBINGWA-WK 1,1,Variable,Income,Income from selling plantain from own plantation,10300,,2023-11-05
Midline Financial Diaries,abia,obi ngwa,WAG,Abia_Obingwa_Abayi Ward I_IDI_FD_WAG Member_Week 1.docx,ML04-WAG-OBINGWA-WK 1,1,Variable,Income,Income from sale of pawpaw fruit from own tree,800,,2023-11-05
Midline Financial Diaries,abia,obi ngwa,WAG,Abia_Obingwa_Abayi Ward I_IDI_FD_WAG Member_Week 1.docx,ML04-WAG-OBINGWA-WK 1,1,Variable,Income,Incentive worth received from WAG interview,2000,,2023-11-05
Midline Financial Diaries,abia,obi ngwa,WAG,Abia_Obingwa_Abayi Ward I_IDI_FD_WAG Member_Week 1.docx,ML04-WAG-OBINGWA-WK 1,1,Variable,Income,Sales income from pumpkin leaf from own farm,150,,2023-11-05
Midline Financial Diaries,abia,obi ngwa,WAG,Abia_Obingwa_Abayi Ward I_IDI_FD_WAG Member_Week 1.docx,ML04-WAG-OBINGWA-WK 1,1,Variable,Income,Sales income from orange fruits sold from own tree,3000,,2023-11-05
Midline Financial Diaries,abia,obi ngwa,WAG,Abia_Obingwa_Abayi Ward I_IDI_FD_WAG Member_Week 1.docx,ML04-WAG-OBINGWA-WK 1,1,Variable,Income,Income from a repaid debt by a debtor,3800,,2023-11-05
Midline Financial Diaries,abia,obi ngwa,WAG,Abia_Obingwa_Abayi Ward I_IDI_FD_WAG Member_Week 1.docx,ML04-WAG-OBINGWA-WK 1,1,Variable,Income,Food allowance from her husband,7000,,2023-11-05
Midline Financial Diaries,abia,obi ngwa,WAG,Abia_Obingwa_Abayi Ward I_IDI_FD_WAG Member_Week 1.docx,ML04-WAG-OBINGWA-WK 1,1,Fixed,Expenditure,Breakfast,3250,,2023-11-05
Midline Financial Diaries,abia,obi ngwa,WAG,Abia_Obingwa_Abayi Ward I_IDI_FD_WAG Member_Week 1.docx,ML04-WAG-OBINGWA-WK 1,1,Fixed,Expenditure,School run and stationaries,3100,,2023-11-05
Midline Financial Diaries,abia,obi ngwa,WAG,Abia_Obingwa_Abayi Ward I_IDI_FD_WAG Member_Week 1.docx,ML04-WAG-OBINGWA-WK 1,1,Fixed,Expenditure,Lunch,3100,,2023-11-05
Midline Financial Diaries,abia,obi ngwa,WAG,Abia_Obingwa_Abayi Ward I_IDI_FD_WAG Member_Week 1.docx,ML04-WAG-OBINGWA-WK 1,1,Fixed,Expenditure,Transportation cost to and from the market,1200,,2023-11-05
Midline Financial Diaries,abia,obi ngwa,WAG,Abia_Obingwa_Abayi Ward I_IDI_FD_WAG Member_Week 1.docx,ML04-WAG-OBINGWA-WK 1,1,Fixed,Expenditure,Toiletries,2500,,2023-11-05
Midline Financial Diaries,abia,obi ngwa,WAG,Abia_Obingwa_Abayi Ward I_IDI_FD_WAG Member_Week 1.docx,ML04-WAG-OBINGWA-WK 1,1,Fixed,Expenditure,Transport cost to church and offering,1700,,2023-11-05
Midline Financial Diaries,abia,obi ngwa,WAG,Abia_Obingwa_Abayi Ward I_IDI_FD_WAG Member_Week 1.docx,ML04-WAG-OBINGWA-WK 1,1,Fixed,Expenditure,Dinner,9930,,2023-11-05
Midline Financial Diaries,abia,obi ngwa,WAG,Abia_Obingwa_Abayi Ward I_IDI_FD_WAG Member_Week 1.docx,ML04-WAG-OBINGWA-WK 1,1,Variable,Expenditure,Allowance for child in school,5000,,2023-11-05
Midline Financial Diaries,abia,obi ngwa,WAG,Abia_Obingwa_Abayi Ward I_IDI_FD_WAG Member_Week 1.docx,ML04-WAG-OBINGWA-WK 1,1,Variable,Expenditure,Amount spent to buy gas for the generator,1300,,2023-11-05
Midline Financial Diaries,abia,obi ngwa,WAG,Abia_Obingwa_Abayi Ward I_IDI_FD_WAG Member_Week 1.docx,ML04-WAG-OBINGWA-WK 1,1,Variable,Expenditure,Refill of cooking gas,5500,,2023-11-05
Midline Financial Diaries,abia,obi ngwa,WAG,Abia_Obingwa_Abayi Ward I_IDI_FD_WAG Member_Week 1.docx,ML04-WAG-OBINGWA-WK 1,1,Variable,Expenditure,Cost of host of guests (bought kola to serve guests),700,,2023-11-05
Midline Financial Diaries,abia,obi ngwa,WAG,Abia_Obingwa_Abayi Ward I_IDI_FD_WAG Member_Week 1.docx,ML04-WAG-OBINGWA-WK 1,1,Variable,Expenditure,Cost to pay laborers to weed the farm,1200,,2023-11-05
Midline Financial Diaries,abia,obi ngwa,WAG,Abia_Obingwa_Abayi Ward I_IDI_FD_WAG Member_Week 1.docx,ML04-WAG-OBINGWA-WK 1,1,Variable,Expenditure,Cost of sewing a new dress,7000,,2023-11-05
Midline Financial Diaries,abia,obi ngwa,WAG,Abia_Obingwa_Abayi Ward I_IDI_FD_WAG Member_Week 1.docx,ML04-WAG-OBINGWA-WK 1,1,Variable,Expenditure,Cost implication of attending the funeral of a relative,1100,,2023-11-05
Midline Financial Diaries,abia,obi ngwa,WAG,Abia_Obingwa_Abayi Ward I_IDI_FD_WAG Member_Week 1.docx,ML04-WAG-OBINGWA-WK 1,1,Variable,Expenditure,Allowance she sent to her mother,5000,,2023-11-05
Midline Financial Diaries,abia,obi ngwa,WAG,Abia_Obingwa_Abayi Ward I_IDI_FD_WAG Member_Week 1.docx,ML04-WAG-OBINGWA-WK 1,1,Variable,Expenditure,School fees,9500,,2023-11-05
Midline Financial Diaries,abia,obi ngwa,WAG,Abia_Obingwa_Abayi Ward I_IDI_FD_WAG Member_Week 1.docx,ML04-WAG-OBINGWA-WK 1,1,Variable,Expenditure,Cutting childâ€™s hair in a saloon,500,,2023-11-05
Midline Financial Diaries,abia,obi ngwa,WAG,Abia_Obingwa_Abayi Ward I_IDI_FD_WAG Member_Week 1.docx,ML04-WAG-OBINGWA-WK 1,1,Variable,Expenditure,Shoe mending,350,,2023-11-05
Midline Financial Diaries,abia,obi ngwa,WAG,Abia_Obingwa_Abayi Ward I_IDI_FD_WAG Member_Week 4.docx,ML04-WAG-OBINGWA-WK 4,4,Fixed,Income,Income from store sales.,88070,,2023-11-25
Midline Financial Diaries,abia,obi ngwa,WAG,Abia_Obingwa_Abayi Ward I_IDI_FD_WAG Member_Week 4.docx,ML04-WAG-OBINGWA-WK 4,4,Fixed,Income,Borehole sales income,2400,,2023-11-25
Midline Financial Diaries,abia,obi ngwa,WAG,Abia_Obingwa_Abayi Ward I_IDI_FD_WAG Member_Week 4.docx,ML04-WAG-OBINGWA-WK 4,4,Variable,Income,Income from selling garri harvested from own farm,8000,,2023-11-25
Midline Financial Diaries,abia,obi ngwa,WAG,Abia_Obingwa_Abayi Ward I_IDI_FD_WAG Member_Week 4.docx,ML04-WAG-OBINGWA-WK 4,4,Variable,Income,Income from household upkeep support from husband,40000,,2023-11-25
Midline Financial Diaries,abia,obi ngwa,WAG,Abia_Obingwa_Abayi Ward I_IDI_FD_WAG Member_Week 4.docx,ML04-WAG-OBINGWA-WK 4,4,Variable,Income,Income from selling palm oil harvested from own farm,1500,,2023-11-25
Midline Financial Diaries,abia,obi ngwa,WAG,Abia_Obingwa_Abayi Ward I_IDI_FD_WAG Member_Week 4.docx,ML04-WAG-OBINGWA-WK 4,4,Variable,Income,Income from selling Okazi harvested from own farm,2000,,2023-11-25
Midline Financial Diaries,abia,obi ngwa,WAG,Abia_Obingwa_Abayi Ward I_IDI_FD_WAG Member_Week 4.docx,ML04-WAG-OBINGWA-WK 4,4,Variable,Income,Income from savings group share-out,30000,,2023-11-25
Midline Financial Diaries,abia,obi ngwa,WAG,Abia_Obingwa_Abayi Ward I_IDI_FD_WAG Member_Week 4.docx,ML04-WAG-OBINGWA-WK 4,4,Variable,Income,Income from selling pumpkin leaf (ugu) harvested from own farm,1500,,2023-11-25
Midline Financial Diaries,abia,obi ngwa,WAG,Abia_Obingwa_Abayi Ward I_IDI_FD_WAG Member_Week 4.docx,ML04-WAG-OBINGWA-WK 4,4,Fixed,Expenditure,Breakfast,7750,,2023-11-25
Midline Financial Diaries,abia,obi ngwa,WAG,Abia_Obingwa_Abayi Ward I_IDI_FD_WAG Member_Week 4.docx,ML04-WAG-OBINGWA-WK 4,4,Fixed,Expenditure,School run and snacks,2780,,2023-11-25
Midline Financial Diaries,abia,obi ngwa,WAG,Abia_Obingwa_Abayi Ward I_IDI_FD_WAG Member_Week 4.docx,ML04-WAG-OBINGWA-WK 4,4,Fixed,Expenditure,Lunch,8350,,2023-11-25
Midline Financial Diaries,abia,obi ngwa,WAG,Abia_Obingwa_Abayi Ward I_IDI_FD_WAG Member_Week 4.docx,ML04-WAG-OBINGWA-WK 4,4,Fixed,Expenditure,Transportation cost to and from the market,2200,,2023-11-25
Midline Financial Diaries,abia,obi ngwa,WAG,Abia_Obingwa_Abayi Ward I_IDI_FD_WAG Member_Week 4.docx,ML04-WAG-OBINGWA-WK 4,4,Fixed,Expenditure,Transport cost to church and offering,6000,,2023-11-25
Midline Financial Diaries,abia,obi ngwa,WAG,Abia_Obingwa_Abayi Ward I_IDI_FD_WAG Member_Week 4.docx,ML04-WAG-OBINGWA-WK 4,4,Fixed,Expenditure,Dinner,11700,,2023-11-25
Midline Financial Diaries,abia,obi ngwa,WAG,Abia_Obingwa_Abayi Ward I_IDI_FD_WAG Member_Week 4.docx,ML04-WAG-OBINGWA-WK 4,4,Variable,Expenditure,Allowance for child in school,10000,,2023-11-25
Midline Financial Diaries,abia,obi ngwa,WAG,Abia_Obingwa_Abayi Ward I_IDI_FD_WAG Member_Week 4.docx,ML04-WAG-OBINGWA-WK 4,4,Variable,Expenditure,Mending shoe,300,,2023-11-25
Midline Financial Diaries,abia,obi ngwa,WAG,Abia_Obingwa_Abayi Ward I_IDI_FD_WAG Member_Week 4.docx,ML04-WAG-OBINGWA-WK 4,4,Variable,Expenditure,Fueling the generator,3200,,2023-11-25
Midline Financial Diaries,abia,obi ngwa,WAG,Abia_Obingwa_Abayi Ward I_IDI_FD_WAG Member_Week 4.docx,ML04-WAG-OBINGWA-WK 4,4,Variable,Expenditure,Amount spent to weed the compound,4500,,2023-11-25
Midline Financial Diaries,abia,obi ngwa,WAG,Abia_Obingwa_Abayi Ward I_IDI_FD_WAG Member_Week 4.docx,ML04-WAG-OBINGWA-WK 4,4,Variable,Expenditure,Medication,3200,,2023-11-25
Midline Financial Diaries,abia,obi ngwa,WAG,Abia_Obingwa_Abayi Ward I_IDI_FD_WAG Member_Week 4.docx,ML04-WAG-OBINGWA-WK 4,4,Variable,Expenditure,Goods for shop restocking,80000,,2023-11-25
Midline Financial Diaries,abia,obi ngwa,WAG,Abia_Obingwa_Abayi Ward I_IDI_FD_WAG Member_Week 3.docx,ML04-WAG-OBINGWA-WK 3,3,Fixed,Income,Income from store sales.,89030,,2023-11-18
Midline Financial Diaries,abia,obi ngwa,WAG,Abia_Obingwa_Abayi Ward I_IDI_FD_WAG Member_Week 3.docx,ML04-WAG-OBINGWA-WK 3,3,Fixed,Income,Borehole sales income,4320,,2023-11-18
Midline Financial Diaries,abia,obi ngwa,WAG,Abia_Obingwa_Abayi Ward I_IDI_FD_WAG Member_Week 3.docx,ML04-WAG-OBINGWA-WK 3,3,Variable,Income,Income from selling plantain harvested from own farm,4500,,2023-11-18
Midline Financial Diaries,abia,obi ngwa,WAG,Abia_Obingwa_Abayi Ward I_IDI_FD_WAG Member_Week 3.docx,ML04-WAG-OBINGWA-WK 3,3,Variable,Income,Income from money gift from her children,15000,,2023-11-18
Midline Financial Diaries,abia,obi ngwa,WAG,Abia_Obingwa_Abayi Ward I_IDI_FD_WAG Member_Week 3.docx,ML04-WAG-OBINGWA-WK 3,3,Fixed,Expenditure,Breakfast,6030,,2023-11-18
Midline Financial Diaries,abia,obi ngwa,WAG,Abia_Obingwa_Abayi Ward I_IDI_FD_WAG Member_Week 3.docx,ML04-WAG-OBINGWA-WK 3,3,Fixed,Expenditure,School run and snacks,2200,,2023-11-18
Midline Financial Diaries,abia,obi ngwa,WAG,Abia_Obingwa_Abayi Ward I_IDI_FD_WAG Member_Week 3.docx,ML04-WAG-OBINGWA-WK 3,3,Fixed,Expenditure,Lunch,15620,,2023-11-18
Midline Financial Diaries,abia,obi ngwa,WAG,Abia_Obingwa_Abayi Ward I_IDI_FD_WAG Member_Week 3.docx,ML04-WAG-OBINGWA-WK 3,3,Fixed,Expenditure,Transportation cost to and from the market,1500,,2023-11-18
Midline Financial Diaries,abia,obi ngwa,WAG,Abia_Obingwa_Abayi Ward I_IDI_FD_WAG Member_Week 3.docx,ML04-WAG-OBINGWA-WK 3,3,Fixed,Expenditure,Transport cost to church and offering,2800,,2023-11-18
Midline Financial Diaries,abia,obi ngwa,WAG,Abia_Obingwa_Abayi Ward I_IDI_FD_WAG Member_Week 3.docx,ML04-WAG-OBINGWA-WK 3,3,Fixed,Expenditure,Dinner,9950,,2023-11-18
Midline Financial Diaries,abia,obi ngwa,WAG,Abia_Obingwa_Abayi Ward I_IDI_FD_WAG Member_Week 3.docx,ML04-WAG-OBINGWA-WK 3,3,Variable,Expenditure,Allowance for child in school,12000,,2023-11-18
Midline Financial Diaries,abia,obi ngwa,WAG,Abia_Obingwa_Abayi Ward I_IDI_FD_WAG Member_Week 3.docx,ML04-WAG-OBINGWA-WK 3,3,Variable,Expenditure,Child school requirement,800,,2023-11-18
Midline Financial Diaries,abia,obi ngwa,WAG,Abia_Obingwa_Abayi Ward I_IDI_FD_WAG Member_Week 3.docx,ML04-WAG-OBINGWA-WK 3,3,Variable,Expenditure,Fueling the generator,2000,,2023-11-18
Midline Financial Diaries,abia,obi ngwa,WAG,Abia_Obingwa_Abayi Ward I_IDI_FD_WAG Member_Week 3.docx,ML04-WAG-OBINGWA-WK 3,3,Variable,Expenditure,Amount spent to buy gas for the leister,5000,,2023-11-18
Midline Financial Diaries,abia,obi ngwa,WAG,Abia_Obingwa_Abayi Ward I_IDI_FD_WAG Member_Week 3.docx,ML04-WAG-OBINGWA-WK 3,3,Variable,Expenditure,Toiletries,4000,,2023-11-18
Midline Financial Diaries,abia,obi ngwa,WAG,Abia_Obingwa_Abayi Ward I_IDI_FD_WAG Member_Week 3.docx,ML04-WAG-OBINGWA-WK 3,3,Variable,Expenditure,Goods for shop restocking,1000,,2023-11-18
Midline Financial Diaries,abia,obi ngwa,WAG,Abia_Obingwa_Abayi Ward I_IDI_FD_WAG Member_Week 3.docx,ML04-WAG-OBINGWA-WK 3,3,Variable,Expenditure,Loan repayment,11500,,2023-11-18
Midline Financial Diaries,abia,obi ngwa,WAG,Abia_Obingwa_Abayi Ward I_IDI_FD_WAG Member_Week 2.docx,ML04-WAG-OBINGWA-WK 2,2,Fixed,Income,Income from store sales.,87830,,2023-11-05
Midline Financial Diaries,abia,obi ngwa,WAG,Abia_Obingwa_Abayi Ward I_IDI_FD_WAG Member_Week 2.docx,ML04-WAG-OBINGWA-WK 2,2,Variable,Income,Income from selling garri harvested from own farm,1500,,2023-11-05
Midline Financial Diaries,abia,obi ngwa,WAG,Abia_Obingwa_Abayi Ward I_IDI_FD_WAG Member_Week 2.docx,ML04-WAG-OBINGWA-WK 2,2,Variable,Income,Income from selling plum fruits from own tree,350,,2023-11-05
Midline Financial Diaries,abia,obi ngwa,WAG,Abia_Obingwa_Abayi Ward I_IDI_FD_WAG Member_Week 2.docx,ML04-WAG-OBINGWA-WK 2,2,Variable,Income,Income from selling palm oil  from own palm tree,1500,,2023-11-05
Midline Financial Diaries,abia,obi ngwa,WAG,Abia_Obingwa_Abayi Ward I_IDI_FD_WAG Member_Week 2.docx,ML04-WAG-OBINGWA-WK 2,2,Variable,Income,Income from sale of oranges fruit from own tree,1800,,2023-11-05
Midline Financial Diaries,abia,obi ngwa,WAG,Abia_Obingwa_Abayi Ward I_IDI_FD_WAG Member_Week 2.docx,ML04-WAG-OBINGWA-WK 2,2,Variable,Income,Income from selling palm fruits  from own palm tree,2800,,2023-11-05
Midline Financial Diaries,abia,obi ngwa,WAG,Abia_Obingwa_Abayi Ward I_IDI_FD_WAG Member_Week 2.docx,ML04-WAG-OBINGWA-WK 2,2,Variable,Income,Sales income from cassava from own farm,7800,,2023-11-05
Midline Financial Diaries,abia,obi ngwa,WAG,Abia_Obingwa_Abayi Ward I_IDI_FD_WAG Member_Week 2.docx,ML04-WAG-OBINGWA-WK 2,2,Variable,Income,Income from a repaid debt by a debtor,7000,,2023-11-05
Midline Financial Diaries,abia,obi ngwa,WAG,Abia_Obingwa_Abayi Ward I_IDI_FD_WAG Member_Week 2.docx,ML04-WAG-OBINGWA-WK 2,2,Fixed,Expenditure,Breakfast,5250,,2023-11-05
Midline Financial Diaries,abia,obi ngwa,WAG,Abia_Obingwa_Abayi Ward I_IDI_FD_WAG Member_Week 2.docx,ML04-WAG-OBINGWA-WK 2,2,Fixed,Expenditure,School run and snacks,2200,,2023-11-05
Midline Financial Diaries,abia,obi ngwa,WAG,Abia_Obingwa_Abayi Ward I_IDI_FD_WAG Member_Week 2.docx,ML04-WAG-OBINGWA-WK 2,2,Fixed,Expenditure,Lunch,11650,,2023-11-05
Midline Financial Diaries,abia,obi ngwa,WAG,Abia_Obingwa_Abayi Ward I_IDI_FD_WAG Member_Week 2.docx,ML04-WAG-OBINGWA-WK 2,2,Fixed,Expenditure,Transportation cost to and from the market,1500,,2023-11-05
Midline Financial Diaries,abia,obi ngwa,WAG,Abia_Obingwa_Abayi Ward I_IDI_FD_WAG Member_Week 2.docx,ML04-WAG-OBINGWA-WK 2,2,Fixed,Expenditure,Transport cost to church and offering,1700,,2023-11-05
Midline Financial Diaries,abia,obi ngwa,WAG,Abia_Obingwa_Abayi Ward I_IDI_FD_WAG Member_Week 2.docx,ML04-WAG-OBINGWA-WK 2,2,Fixed,Expenditure,Dinner,9620,,2023-11-05
Midline Financial Diaries,abia,obi ngwa,WAG,Abia_Obingwa_Abayi Ward I_IDI_FD_WAG Member_Week 2.docx,ML04-WAG-OBINGWA-WK 2,2,Variable,Expenditure,Allowance for child in school,16000,,2023-11-05
Midline Financial Diaries,abia,obi ngwa,WAG,Abia_Obingwa_Abayi Ward I_IDI_FD_WAG Member_Week 2.docx,ML04-WAG-OBINGWA-WK 2,2,Variable,Expenditure,Amount spent to buy gas for the generator,3000,,2023-11-05
Midline Financial Diaries,abia,obi ngwa,WAG,Abia_Obingwa_Abayi Ward I_IDI_FD_WAG Member_Week 2.docx,ML04-WAG-OBINGWA-WK 2,2,Variable,Expenditure,NEPA Bill (Electricity bill),8500,,2023-11-05
Midline Financial Diaries,abia,obi ngwa,WAG,Abia_Obingwa_Abayi Ward I_IDI_FD_WAG Member_Week 2.docx,ML04-WAG-OBINGWA-WK 2,2,Variable,Expenditure,Repair work in the house,9000,,2023-11-05
Midline Financial Diaries,abia,obi ngwa,WAG,Abia_Obingwa_Abayi Ward I_IDI_FD_WAG Member_Week 2.docx,ML04-WAG-OBINGWA-WK 2,2,Variable,Expenditure,Cost to pay laborers to weed the compound,5000,,2023-11-05
Midline Financial Diaries,abia,obi ngwa,WAG,Abia_Obingwa_Abayi Ward I_IDI_FD_WAG Member_Week 2.docx,ML04-WAG-OBINGWA-WK 2,2,Variable,Expenditure,Laundry,1000,,2023-11-05
Midline Financial Diaries,abia,obi ngwa,WAG,Abia_Obingwa_Abayi Ward I_IDI_FD_WAG Member_Week 2.docx,ML04-WAG-OBINGWA-WK 2,2,Variable,Expenditure,2 bags of cement,11500,,2023-11-05
Midline Financial Diaries,abia,obi ngwa,WAG,Abia_Obingwa_Abayi Ward I_IDI_FD_WAG Member_Week 2.docx,ML04-WAG-OBINGWA-WK 2,2,Variable,Expenditure,Amount spent to buy gas for the leister,2500,,2023-11-05
Midline Financial Diaries,abia,isiala ngwa,NON WAG,Abia_Isiala Ngwa North_Amasaa Ward _Non-WAG Member_Week 1.docx,ML01-NWAG-ISIALA NGWA-WK 1,1,Fixed,Income,Sales from store,11000,,2023-11-13
Midline Financial Diaries,abia,isiala ngwa,NON WAG,Abia_Isiala Ngwa North_Amasaa Ward _Non-WAG Member_Week 1.docx,ML01-NWAG-ISIALA NGWA-WK 1,1,Variable,Income,Remittances,1000,,2023-11-13
Midline Financial Diaries,abia,isiala ngwa,NON WAG,Abia_Isiala Ngwa North_Amasaa Ward _Non-WAG Member_Week 1.docx,ML01-NWAG-ISIALA NGWA-WK 1,1,Fixed,Expenditure,Feeding,26500,,2023-11-13
Midline Financial Diaries,abia,isiala ngwa,NON WAG,Abia_Isiala Ngwa North_Amasaa Ward _Non-WAG Member_Week 1.docx,ML01-NWAG-ISIALA NGWA-WK 1,1,Fixed,Expenditure,Church offerings/Contributions,1500,,2023-11-13
Midline Financial Diaries,abia,isiala ngwa,NON WAG,Abia_Isiala Ngwa North_Amasaa Ward _Non-WAG Member_Week 1.docx,ML01-NWAG-ISIALA NGWA-WK 1,1,Fixed,Expenditure,Water,3500,,2023-11-13
Midline Financial Diaries,abia,isiala ngwa,NON WAG,Abia_Isiala Ngwa North_Amasaa Ward _Non-WAG Member_Week 1.docx,ML01-NWAG-ISIALA NGWA-WK 1,1,Fixed,Expenditure,Food stuff,15000,,2023-11-13
Midline Financial Diaries,abia,isiala ngwa,NON WAG,Abia_Isiala Ngwa North_Amasaa Ward _Non-WAG Member_Week 1.docx,ML01-NWAG-ISIALA NGWA-WK 1,1,Fixed,Expenditure,Transportation,3500,,2023-11-13
Midline Financial Diaries,abia,isiala ngwa,NON WAG,Abia_Isiala Ngwa North_Amasaa Ward _Non-WAG Member_Week 1.docx,ML01-NWAG-ISIALA NGWA-WK 1,1,Fixed,Expenditure,Fuel,4000,,2023-11-13
Midline Financial Diaries,abia,isiala ngwa,NON WAG,Abia_Isiala Ngwa North_Amasaa Ward _Non-WAG Member_Week 1.docx,ML01-NWAG-ISIALA NGWA-WK 1,1,Variable,Expenditure,Airtime,2650,,2023-11-13
Midline Financial Diaries,abia,isiala ngwa,NON WAG,Abia_Isiala Ngwa North_Amasaa Ward _Non-WAG Member_Week 1.docx,ML01-NWAG-ISIALA NGWA-WK 1,1,Variable,Expenditure,Engine oil,500,,2023-11-13
Midline Financial Diaries,abia,isiala ngwa,NON WAG,Abia_Isiala Ngwa North_Amasaa Ward _Non-WAG Member_Week 1.docx,ML01-NWAG-ISIALA NGWA-WK 1,1,Variable,Expenditure,Motorcycle repairs,3000,,2023-11-13
Midline Financial Diaries,abia,isiala ngwa,NON WAG,Abia_Isiala Ngwa North_Amasaa Ward I_FD_Non-WAG Member_Week 2.docx,ML01-NWAG-ISIALA NGWA-WK 2,2,Fixed,Income,Income from provision store sales.,20500,,2023-11-20
Midline Financial Diaries,abia,isiala ngwa,NON WAG,Abia_Isiala Ngwa North_Amasaa Ward I_FD_Non-WAG Member_Week 2.docx,ML01-NWAG-ISIALA NGWA-WK 2,2,Variable,Income,Remittance,1000,,2023-11-20
Midline Financial Diaries,abia,isiala ngwa,NON WAG,Abia_Isiala Ngwa North_Amasaa Ward I_FD_Non-WAG Member_Week 2.docx,ML01-NWAG-ISIALA NGWA-WK 2,2,Fixed,Expenditure,Feeding,31600,,2023-11-20
Midline Financial Diaries,abia,isiala ngwa,NON WAG,Abia_Isiala Ngwa North_Amasaa Ward I_FD_Non-WAG Member_Week 2.docx,ML01-NWAG-ISIALA NGWA-WK 2,2,Fixed,Expenditure,Food Stuff,18500,,2023-11-20
Midline Financial Diaries,abia,isiala ngwa,NON WAG,Abia_Isiala Ngwa North_Amasaa Ward I_FD_Non-WAG Member_Week 2.docx,ML01-NWAG-ISIALA NGWA-WK 2,2,Fixed,Expenditure,Airtime,3500,,2023-11-20
Midline Financial Diaries,abia,isiala ngwa,NON WAG,Abia_Isiala Ngwa North_Amasaa Ward I_FD_Non-WAG Member_Week 2.docx,ML01-NWAG-ISIALA NGWA-WK 2,2,Fixed,Expenditure,Transportation,10000,,2023-11-20
Midline Financial Diaries,abia,isiala ngwa,NON WAG,Abia_Isiala Ngwa North_Amasaa Ward I_FD_Non-WAG Member_Week 2.docx,ML01-NWAG-ISIALA NGWA-WK 2,2,Fixed,Expenditure,Water,3500,,2023-11-20
Midline Financial Diaries,abia,isiala ngwa,NON WAG,Abia_Isiala Ngwa North_Amasaa Ward I_FD_Non-WAG Member_Week 2.docx,ML01-NWAG-ISIALA NGWA-WK 2,2,Fixed,Expenditure,Church offering/contribution,1500,,2023-11-20
Midline Financial Diaries,abia,isiala ngwa,NON WAG,Abia_Isiala Ngwa North_Amasaa Ward I_FD_Non-WAG Member_Week 2.docx,ML01-NWAG-ISIALA NGWA-WK 2,2,Fixed,Expenditure,Kerosene,1000,,2023-11-20
Midline Financial Diaries,abia,isiala ngwa,NON WAG,Abia_Isiala Ngwa North_Amasaa Ward I_FD_Non-WAG Member_Week 2.docx,ML01-NWAG-ISIALA NGWA-WK 2,2,Fixed,Expenditure,Fuel,9800,,2023-11-20
Midline Financial Diaries,abia,isiala ngwa,NON WAG,Abia_Isiala Ngwa North_Amasaa Ward I_FD_Non-WAG Member_Week 2.docx,ML01-NWAG-ISIALA NGWA-WK 2,2,Variable,Expenditure,Oil,1500,,2023-11-20
Midline Financial Diaries,abia,isiala ngwa,NON WAG,Abia_Isiala Ngwa North_Amasaa Ward I_FD_Non-WAG Member_Week 2.docx,ML01-NWAG-ISIALA NGWA-WK 2,2,Variable,Expenditure,Motorcycle repair,5800,,2023-11-20
Midline Financial Diaries,abia,isiala ngwa,NON WAG,Abia_Isiala Ngwa North_Amasaa Ward I_IDI_Report_Non-WAG Member_Week 3.docx,ML01-NWAG-ISIALA NGWA-WK 3,3,Fixed,Income,Income from provision store sales,22250,,2023-11-27
Midline Financial Diaries,abia,isiala ngwa,NON WAG,Abia_Isiala Ngwa North_Amasaa Ward I_IDI_Report_Non-WAG Member_Week 3.docx,ML01-NWAG-ISIALA NGWA-WK 3,3,Fixed,Expenditure,Feeding,26500,,2023-11-27
Midline Financial Diaries,abia,isiala ngwa,NON WAG,Abia_Isiala Ngwa North_Amasaa Ward I_IDI_Report_Non-WAG Member_Week 3.docx,ML01-NWAG-ISIALA NGWA-WK 3,3,Fixed,Expenditure,Food stuff,14500,,2023-11-27
Midline Financial Diaries,abia,isiala ngwa,NON WAG,Abia_Isiala Ngwa North_Amasaa Ward I_IDI_Report_Non-WAG Member_Week 3.docx,ML01-NWAG-ISIALA NGWA-WK 3,3,Fixed,Expenditure,Airtime,3500,,2023-11-27
Midline Financial Diaries,abia,isiala ngwa,NON WAG,Abia_Isiala Ngwa North_Amasaa Ward I_IDI_Report_Non-WAG Member_Week 3.docx,ML01-NWAG-ISIALA NGWA-WK 3,3,Fixed,Expenditure,Water,3500,,2023-11-27
Midline Financial Diaries,abia,isiala ngwa,NON WAG,Abia_Isiala Ngwa North_Amasaa Ward I_IDI_Report_Non-WAG Member_Week 3.docx,ML01-NWAG-ISIALA NGWA-WK 3,3,Fixed,Expenditure,Transportation,7000,,2023-11-27
Midline Financial Diaries,abia,isiala ngwa,NON WAG,Abia_Isiala Ngwa North_Amasaa Ward I_IDI_Report_Non-WAG Member_Week 3.docx,ML01-NWAG-ISIALA NGWA-WK 3,3,Fixed,Expenditure,Fuel,8000,,2023-11-27
Midline Financial Diaries,abia,isiala ngwa,NON WAG,Abia_Isiala Ngwa North_Amasaa Ward I_IDI_Report_Non-WAG Member_Week 3.docx,ML01-NWAG-ISIALA NGWA-WK 3,3,Fixed,Expenditure,Kerosene,3500,,2023-11-27
Midline Financial Diaries,abia,isiala ngwa,NON WAG,Abia_Isiala Ngwa North_Amasaa Ward I_IDI_Report_Non-WAG Member_Week 3.docx,ML01-NWAG-ISIALA NGWA-WK 3,3,Fixed,Expenditure,Offering,800,,2023-11-27
Midline Financial Diaries,abia,isiala ngwa,NON WAG,Abia_Isiala Ngwa North_Amasaa Ward I_IDI_Report_Non-WAG Member_Week 3.docx,ML01-NWAG-ISIALA NGWA-WK 3,3,Fixed,Expenditure,Contribution,3000,,2023-11-27
Midline Financial Diaries,abia,isiala ngwa,NON WAG,Abia_Isiala Ngwa North_Amasaa Ward I_IDI_Report_Non-WAG Member_Week 3.docx,ML01-NWAG-ISIALA NGWA-WK 3,3,Variable,Expenditure,Oil,500,,2023-11-27
Midline Financial Diaries,abia,isiala ngwa,NON WAG,Abia_Isiala Ngwa North_Amasaa Ward I_IDI_Report_Non-WAG Member_Week 3.docx,ML01-NWAG-ISIALA NGWA-WK 3,3,Variable,Expenditure,Motorcycle,1200,,2023-11-27
